Workbook

Sheet Coin Weights
A1: Coin Weight Setup for TRI Thalawakale Bending Test
A2: Code | B2: Item / Meaning | C2: Weight per item (g) | D2: Unit | F2: Constant | G2: Value
A3: 10g | B3: Standard mass | C3: 10 | D3: g | F3: g (m/s²) | G3: 9.81
A4: oo1 | B4: copper Rs.1 Coin / mass code oo1 | C4: 3.64 | D4: g | F4: Pan / holder mass (g) | G4: 3.76
A5: o1 | B5: silver old Rs.1 Coin / mass code o1 | C5: 7.18 | D5: g | F5: Set pan mass to 0 if pan was not used
A6: o2 | B6: silver old Rs.2 Coin / mass code o2 | C6: 6.96 | D6: g
A7: n1 | B7: new Rs.1 Coin / mass code n1 | C7: 3.7 | D7: g
A8: n2 | B8: new Rs.2 Coin / mass code n2 | C8: 4.55 | D8: g
A9: n5 | B9: new Rs.5 Coin / mass code n5 | C9: 5.25 | D9: g
A10: Pan | B10: Pan / hanging holder | C10: 3.76 | D10: g
A13: Force Summary by Shoot Stage
A14: Shoot stage | B14: Minimum force (N) | C14: Maximum force (N)
A15: Pluckable | B15: =_xlfn.MINIFS(Measurements!$N$3:$N$32,Measurements!$C$3:$C$32,A15) -> 0.1178181 | C15: =_xlfn.MAXIFS(Measurements!$N$3:$N$32,Measurements!$C$3:$C$32,A15) -> 0.3226509
A16: Matured | B16: =_xlfn.MINIFS(Measurements!$N$3:$N$32,Measurements!$C$3:$C$32,A16) -> 0.2500569 | C16: =_xlfn.MAXIFS(Measurements!$N$3:$N$32,Measurements!$C$3:$C$32,A16) -> 0.4244787
A17: Arimbu | B17: =_xlfn.MINIFS(Measurements!$N$3:$N$32,Measurements!$C$3:$C$32,A17) -> 0.0731826 | C17: =_xlfn.MAXIFS(Measurements!$N$3:$N$32,Measurements!$C$3:$C$32,A17) -> 0.108891
A18: Banji | B18: =_xlfn.MINIFS(Measurements!$N$3:$N$32,Measurements!$C$3:$C$32,A18) -> 0.145188 | C18: =_xlfn.MAXIFS(Measurements!$N$3:$N$32,Measurements!$C$3:$C$32,A18) -> 0.2156238
A19: Not plucking / more matured | B19: =_xlfn.MINIFS(Measurements!$N$3:$N$32,Measurements!$C$3:$C$32,A19) -> 0.2417184 | C19: =_xlfn.MAXIFS(Measurements!$N$3:$N$32,Measurements!$C$3:$C$32,A19) -> 0.7065162

Sheet Measurements
A1: TRI Thalawakale Bending Force Measurements - Pluckable Force Verification
A2: No | B2: Plucking round / bush | C2: Shoot stage | D2: Sample | E2: 10g count | F2: oo1 count | G2: o1 count | H2: o2 count | I2: n1 count | J2: n2 count | K2: n5 count | L2: Original measurement | M2: Total mass incl. pan (g) | N2: Bending force (N)
A3: 1 | B3: 9 days plucking bushes | C3: Pluckable | D3: Pluckable 1 | E3: 1 | F3: 1 | G3: 1 | H3: 0 | I3: 1 | J3: 1 | K3: 0 | L3: 10g + oo1 + o1 + n1 + n2 | M3: =E3*'Coin Weights'!$C$3+F3*'Coin Weights'!$C$4+G3*'Coin Weights'!$C$5+H3*'Coin Weights'!$C$6+I3*'Coin Weights'!$C$7+J3*'Coin Weights'!$C$8+K3*'Coin Weights'!$C$9+'Coin Weights'!$G$4 -> 32.83 | N3: =M3/1000*'Coin Weights'!$G$3 -> 0.3220623
A4: 2 | B4: 9 days plucking bushes | C4: Pluckable | D4: Pluckable 2 | E4: 0 | F4: 0 | G4: 0 | H4: 4 | I4: 0 | J4: 0 | K4: 0 | L4: o2 × 4 | M4: =E4*'Coin Weights'!$C$3+F4*'Coin Weights'!$C$4+G4*'Coin Weights'!$C$5+H4*'Coin Weights'!$C$6+I4*'Coin Weights'!$C$7+J4*'Coin Weights'!$C$8+K4*'Coin Weights'!$C$9+'Coin Weights'!$G$4 -> 31.6 | N4: =M4/1000*'Coin Weights'!$G$3 -> 0.309996
A5: 3 | B5: 9 days plucking bushes | C5: Pluckable | D5: Pluckable 3 | E5: 1 | F5: 0 | G5: 0 | H5: 0 | I5: 1 | J5: 1 | K5: 1 | L5: 10g + n1 + n2 + n5 | M5: =E5*'Coin Weights'!$C$3+F5*'Coin Weights'!$C$4+G5*'Coin Weights'!$C$5+H5*'Coin Weights'!$C$6+I5*'Coin Weights'!$C$7+J5*'Coin Weights'!$C$8+K5*'Coin Weights'!$C$9+'Coin Weights'!$G$4 -> 27.26 | N5: =M5/1000*'Coin Weights'!$G$3 -> 0.2674206
A6: 4 | B6: 7 days plucking (first year) | C6: Pluckable | D6: Pluckable 1 | E6: 0 | F6: 0 | G6: 0 | H6: 0 | I6: 1 | J6: 1 | K6: 0 | L6: n1 + n2 | M6: =E6*'Coin Weights'!$C$3+F6*'Coin Weights'!$C$4+G6*'Coin Weights'!$C$5+H6*'Coin Weights'!$C$6+I6*'Coin Weights'!$C$7+J6*'Coin Weights'!$C$8+K6*'Coin Weights'!$C$9+'Coin Weights'!$G$4 -> 12.01 | N6: =M6/1000*'Coin Weights'!$G$3 -> 0.1178181
A7: 5 | B7: 7 days plucking (first year) | C7: Pluckable | D7: Pluckable 2 | E7: 0 | F7: 0 | G7: 1 | H7: 0 | I7: 1 | J7: 0 | K7: 0 | L7: o1 + n1 | M7: =E7*'Coin Weights'!$C$3+F7*'Coin Weights'!$C$4+G7*'Coin Weights'!$C$5+H7*'Coin Weights'!$C$6+I7*'Coin Weights'!$C$7+J7*'Coin Weights'!$C$8+K7*'Coin Weights'!$C$9+'Coin Weights'!$G$4 -> 14.64 | N7: =M7/1000*'Coin Weights'!$G$3 -> 0.1436184
A8: 6 | B8: 7 days plucking (first year) | C8: Matured | D8: Matured | E8: 1 | F8: 0 | G8: 1 | H8: 0 | I8: 0 | J8: 1 | K8: 0 | L8: o1 + n2 + 10g | M8: =E8*'Coin Weights'!$C$3+F8*'Coin Weights'!$C$4+G8*'Coin Weights'!$C$5+H8*'Coin Weights'!$C$6+I8*'Coin Weights'!$C$7+J8*'Coin Weights'!$C$8+K8*'Coin Weights'!$C$9+'Coin Weights'!$G$4 -> 25.49 | N8: =M8/1000*'Coin Weights'!$G$3 -> 0.2500569
A9: 7 | B9: 7 days plucking (first year) | C9: Arimbu | D9: Arimbu 1 | E9: 0 | F9: 0 | G9: 0 | H9: 0 | I9: 1 | J9: 0 | K9: 0 | L9: n1 | M9: =E9*'Coin Weights'!$C$3+F9*'Coin Weights'!$C$4+G9*'Coin Weights'!$C$5+H9*'Coin Weights'!$C$6+I9*'Coin Weights'!$C$7+J9*'Coin Weights'!$C$8+K9*'Coin Weights'!$C$9+'Coin Weights'!$G$4 -> 7.46 | N9: =M9/1000*'Coin Weights'!$G$3 -> 0.0731826
A10: 8 | B10: 7 days plucking (first year) | C10: Arimbu | D10: Arimbu 2 | E10: 0 | F10: 0 | G10: 0 | H10: 0 | I10: 1 | J10: 0 | K10: 0 | L10: n1 | M10: =E10*'Coin Weights'!$C$3+F10*'Coin Weights'!$C$4+G10*'Coin Weights'!$C$5+H10*'Coin Weights'!$C$6+I10*'Coin Weights'!$C$7+J10*'Coin Weights'!$C$8+K10*'Coin Weights'!$C$9+'Coin Weights'!$G$4 -> 7.46 | N10: =M10/1000*'Coin Weights'!$G$3 -> 0.0731826
A11: 9 | B11: 7 days plucking (first year) | C11: Banji | D11: Banji | E11: 0 | F11: 1 | G11: 0 | H11: 0 | I11: 2 | J11: 0 | K11: 0 | L11: n1 × 2 + oo1 | M11: =E11*'Coin Weights'!$C$3+F11*'Coin Weights'!$C$4+G11*'Coin Weights'!$C$5+H11*'Coin Weights'!$C$6+I11*'Coin Weights'!$C$7+J11*'Coin Weights'!$C$8+K11*'Coin Weights'!$C$9+'Coin Weights'!$G$4 -> 14.8 | N11: =M11/1000*'Coin Weights'!$G$3 -> 0.145188
A12: 10 | B12: 7 days plucking (first year) | C12: Not plucking / more matured | D12: More matured 1 | E12: 0 | F12: 0 | G12: 0 | H12: 3 | I12: 0 | J12: 0 | K12: 0 | L12: o2 × 3 | M12: =E12*'Coin Weights'!$C$3+F12*'Coin Weights'!$C$4+G12*'Coin Weights'!$C$5+H12*'Coin Weights'!$C$6+I12*'Coin Weights'!$C$7+J12*'Coin Weights'!$C$8+K12*'Coin Weights'!$C$9+'Coin Weights'!$G$4 -> 24.64 | N12: =M12/1000*'Coin Weights'!$G$3 -> 0.2417184
A13: 11 | B13: 7 days plucking (first year) | C13: Not plucking / more matured | D13: More matured 2 | E13: 1 | F13: 0 | G13: 2 | H13: 5 | I13: 0 | J13: 2 | K13: 0 | L13: 10g + o1 × 2 + o2 × 5 + n2 × 2 | M13: =E13*'Coin Weights'!$C$3+F13*'Coin Weights'!$C$4+G13*'Coin Weights'!$C$5+H13*'Coin Weights'!$C$6+I13*'Coin Weights'!$C$7+J13*'Coin Weights'!$C$8+K13*'Coin Weights'!$C$9+'Coin Weights'!$G$4 -> 72.02 | N13: =M13/1000*'Coin Weights'!$G$3 -> 0.7065162
A14: 12 | B14: 9 days plucking bushes | C14: Pluckable | D14: Pluckable 4 | E14: 1 | F14: 0 | G14: 1 | H14: 0 | I14: 2 | J14: 1 | K14: 0 | L14: 10g + o1 + n1 × 2 + n2 | M14: =E14*'Coin Weights'!$C$3+F14*'Coin Weights'!$C$4+G14*'Coin Weights'!$C$5+H14*'Coin Weights'!$C$6+I14*'Coin Weights'!$C$7+J14*'Coin Weights'!$C$8+K14*'Coin Weights'!$C$9+'Coin Weights'!$G$4 -> 32.89 | N14: =M14/1000*'Coin Weights'!$G$3 -> 0.3226509
... A32: 30 | B32: 9 days plucking bushes | C32: Pluckable | D32: Pluckable 8 | E32: 1 | F32: 1 | G32: 1 | H32: 0 | I32: 1 | J32: 0 | K32: 0 | L32: 10g + oo1 + o1 + n1 | M32: =E32*'Coin Weights'!$C$3+F32*'Coin Weights'!$C$4+G32*'Coin Weights'!$C$5+H32*'Coin Weights'!$C$6+I32*'Coin Weights'!$C$7+J32*'Coin Weights'!$C$8+K32*'Coin Weights'!$C$9+'Coin Weights'!$G$4 -> 28.28 | N32: =M32/1000*'Coin Weights'!$G$3 -> 0.2774268
